{
    "Blocks": [
    ],
    "General": {
        "calc": {
            "ECB": -6000000,
            "FB": 3,
            "GS_H": [
                0.618,
                1,
                1.617999,
                2.617999
            ],
            "GS_L": [
                0.055999,
                0.09,
                0.146,
                0.236,
                0.382,
                0.618,
                1
            ],
            "L_V_max": 200,
            "cn": [
                3,
                0.287,
                -0.00308,
                2.8000000000000003e-06
            ],
            "p": 0.7000000000000001,
            "q": 50,
            "t": 7
        },
        "user": {
            "B": 20,
            "D": 2000,
            "GM": 1.25,
            "H": 6,
            "L": 100,
            "T": 3,
            "delta": 0.6,
            "k_DS": 1,
            "p_": 0.1,
            "p_w": 1200,
            "project_name": "",
            "q_": 0.5,
            "t_": 10,
            "theta": 15
        }
    }
}
